"featureID","featureType","is_mediator","a_strength","b_strength","TIE_requested","TIE_true","effect_type"
"cg20139214","methyl",FALSE,0,0,0.333333333333333,0,"spiked"
"cg10999429","methyl",FALSE,0,0,0.333333333333333,0,"spiked"
"cg23640701","methyl",FALSE,0,0,0.333333333333333,0,"spiked"
"cg02956093","methyl",FALSE,0,0,0.333333333333333,0,"spiked"
"cg08711674","methyl",FALSE,0,0,0.333333333333333,0,"spiked"
"cg09842540","methyl",FALSE,0,0,0.333333333333333,0,"spiked"
"cg11739626","methyl",FALSE,0,0,0.333333333333333,0,"spiked"
"cg19073614","methyl",FALSE,0,0,0.333333333333333,0,"spiked"
"cg01894895","methyl",FALSE,0,0,0.333333333333333,0,"spiked"
"cg01086868","methyl",FALSE,0,0,0.333333333333333,0,"spiked"
"cg04755662","methyl",FALSE,0,0,0.333333333333333,0,"spiked"
"cg05019001","methyl",FALSE,0,0,0.333333333333333,0,"spiked"
"cg05786601","methyl",FALSE,0,0,0.333333333333333,0,"spiked"
"cg07780118","methyl",FALSE,0,0,0.333333333333333,0,"spiked"
"cg12589433","methyl",FALSE,0,0,0.333333333333333,0,"spiked"
"cg14807303","methyl",FALSE,0,0,0.333333333333333,0,"spiked"
"cg16679837","methyl",FALSE,0,0,0.333333333333333,0,"spiked"
"cg20878850","methyl",FALSE,0,0,0.333333333333333,0,"spiked"
"cg21966410","methyl",FALSE,0,0,0.333333333333333,0,"spiked"
"cg27271368","methyl",FALSE,0,0,0.333333333333333,0,"spiked"
"cg04283377","methyl",TRUE,0.0949157995752499,0.0949157995752499,0.333333333333333,0.333333333333333,"spiked"
"cg10455133","methyl",FALSE,0,0,0.333333333333333,0,"spiked"
"cg01245656","methyl",TRUE,0.0949157995752499,0.0949157995752499,0.333333333333333,0.333333333333333,"spiked"
"cg14785449","methyl",FALSE,0,0,0.333333333333333,0,"spiked"
"cg01800843","methyl",FALSE,0,0,0.333333333333333,0,"spiked"
"cg03165700","methyl",FALSE,0,0,0.333333333333333,0,"spiked"
"cg18457775","methyl",FALSE,0,0,0.333333333333333,0,"spiked"
"cg22477592","methyl",FALSE,0,0,0.333333333333333,0,"spiked"
"cg24027342","methyl",FALSE,0,0,0.333333333333333,0,"spiked"
"cg00925229","methyl",FALSE,0,0,0.333333333333333,0,"spiked"
"cg07588779","methyl",FALSE,0,0,0.333333333333333,0,"spiked"
"cg13620770","methyl",FALSE,0,0,0.333333333333333,0,"spiked"
"cg07679836","methyl",FALSE,0,0,0.333333333333333,0,"spiked"
"cg14666892","methyl",FALSE,0,0,0.333333333333333,0,"spiked"
"cg22753768","methyl",FALSE,0,0,0.333333333333333,0,"spiked"
"cg24747396","methyl",TRUE,0.0949157995752499,0.0949157995752499,0.333333333333333,0.333333333333333,"spiked"
"cg14833160","methyl",FALSE,0,0,0.333333333333333,0,"spiked"
"cg15951107","methyl",FALSE,0,0,0.333333333333333,0,"spiked"
"cg01803238","methyl",FALSE,0,0,0.333333333333333,0,"spiked"
"cg03813215","methyl",FALSE,0,0,0.333333333333333,0,"spiked"
"cg08223235","methyl",FALSE,0,0,0.333333333333333,0,"spiked"
"cg08554462","methyl",FALSE,0,0,0.333333333333333,0,"spiked"
"cg09752703","methyl",FALSE,0,0,0.333333333333333,0,"spiked"
"cg11255230","methyl",FALSE,0,0,0.333333333333333,0,"spiked"
"cg11330108","methyl",FALSE,0,0,0.333333333333333,0,"spiked"
"cg12459502","methyl",FALSE,0,0,0.333333333333333,0,"spiked"
"cg14455307","methyl",FALSE,0,0,0.333333333333333,0,"spiked"
"cg17602451","methyl",FALSE,0,0,0.333333333333333,0,"spiked"
"cg21602520","methyl",FALSE,0,0,0.333333333333333,0,"spiked"
"cg23756272","methyl",FALSE,0,0,0.333333333333333,0,"spiked"
"cg25059899","methyl",TRUE,0.0949157995752499,0.0949157995752499,0.333333333333333,0.333333333333333,"spiked"
"cg00782854","methyl",FALSE,0,0,0.333333333333333,0,"spiked"
"cg16137862","methyl",FALSE,0,0,0.333333333333333,0,"spiked"
"cg27608154","methyl",FALSE,0,0,0.333333333333333,0,"spiked"
"cg16225441","methyl",FALSE,0,0,0.333333333333333,0,"spiked"
"cg26709863","methyl",FALSE,0,0,0.333333333333333,0,"spiked"
"cg05566965","methyl",FALSE,0,0,0.333333333333333,0,"spiked"
"cg03148461","methyl",FALSE,0,0,0.333333333333333,0,"spiked"
"cg10141022","methyl",FALSE,0,0,0.333333333333333,0,"spiked"
"cg11414046","methyl",FALSE,0,0,0.333333333333333,0,"spiked"
"cg14094063","methyl",FALSE,0,0,0.333333333333333,0,"spiked"
"cg17095753","methyl",FALSE,0,0,0.333333333333333,0,"spiked"
"cg21043558","methyl",FALSE,0,0,0.333333333333333,0,"spiked"
"cg23066879","methyl",FALSE,0,0,0.333333333333333,0,"spiked"
"cg12836863","methyl",FALSE,0,0,0.333333333333333,0,"spiked"
"cg27253386","methyl",FALSE,0,0,0.333333333333333,0,"spiked"
"cg22906389","methyl",FALSE,0,0,0.333333333333333,0,"spiked"
"cg04677163","methyl",FALSE,0,0,0.333333333333333,0,"spiked"
"cg07964538","methyl",FALSE,0,0,0.333333333333333,0,"spiked"
"cg17469978","methyl",FALSE,0,0,0.333333333333333,0,"spiked"
"cg18329349","methyl",FALSE,0,0,0.333333333333333,0,"spiked"
"cg22126032","methyl",FALSE,0,0,0.333333333333333,0,"spiked"
"cg27242945","methyl",FALSE,0,0,0.333333333333333,0,"spiked"
"cg13849825","methyl",FALSE,0,0,0.333333333333333,0,"spiked"
"cg23935746","methyl",FALSE,0,0,0.333333333333333,0,"spiked"
"cg00858899","methyl",FALSE,0,0,0.333333333333333,0,"spiked"
"cg00953256","methyl",FALSE,0,0,0.333333333333333,0,"spiked"
"cg02723533","methyl",FALSE,0,0,0.333333333333333,0,"spiked"
"cg04717045","methyl",FALSE,0,0,0.333333333333333,0,"spiked"
"cg05164185","methyl",FALSE,0,0,0.333333333333333,0,"spiked"
"cg05200606","methyl",FALSE,0,0,0.333333333333333,0,"spiked"
"cg06539449","methyl",FALSE,0,0,0.333333333333333,0,"spiked"
"cg08170622","methyl",FALSE,0,0,0.333333333333333,0,"spiked"
"cg09637363","methyl",FALSE,0,0,0.333333333333333,0,"spiked"
"cg10539418","methyl",FALSE,0,0,0.333333333333333,0,"spiked"
"cg11802013","methyl",FALSE,0,0,0.333333333333333,0,"spiked"
"cg12266049","methyl",FALSE,0,0,0.333333333333333,0,"spiked"
"cg13608094","methyl",FALSE,0,0,0.333333333333333,0,"spiked"
"cg16794682","methyl",FALSE,0,0,0.333333333333333,0,"spiked"
"cg19047670","methyl",FALSE,0,0,0.333333333333333,0,"spiked"
"cg25060573","methyl",FALSE,0,0,0.333333333333333,0,"spiked"
"cg26605086","methyl",FALSE,0,0,0.333333333333333,0,"spiked"
"cg12187567","methyl",FALSE,0,0,0.333333333333333,0,"spiked"
"cg16328273","methyl",FALSE,0,0,0.333333333333333,0,"spiked"
"cg11255163","methyl",FALSE,0,0,0.333333333333333,0,"spiked"
"cg11667754","methyl",FALSE,0,0,0.333333333333333,0,"spiked"
"cg17655614","methyl",FALSE,0,0,0.333333333333333,0,"spiked"
"cg20716119","methyl",FALSE,0,0,0.333333333333333,0,"spiked"
"cg22832044","methyl",FALSE,0,0,0.333333333333333,0,"spiked"
"cg23989635","methyl",FALSE,0,0,0.333333333333333,0,"spiked"
"cg24765079","methyl",FALSE,0,0,0.333333333333333,0,"spiked"
"cg09313439","methyl",TRUE,0.0949157995752499,0.0949157995752499,0.333333333333333,0.333333333333333,"spiked"
"cg22679003","methyl",FALSE,0,0,0.333333333333333,0,"spiked"
"cg17733331","methyl",FALSE,0,0,0.333333333333333,0,"spiked"
"cg19034028","methyl",FALSE,0,0,0.333333333333333,0,"spiked"
"cg01306510","methyl",FALSE,0,0,0.333333333333333,0,"spiked"
"cg03714916","methyl",TRUE,0.0949157995752499,0.0949157995752499,0.333333333333333,0.333333333333333,"spiked"
"cg05759269","methyl",FALSE,0,0,0.333333333333333,0,"spiked"
"cg08179530","methyl",FALSE,0,0,0.333333333333333,0,"spiked"
"cg10936763","methyl",FALSE,0,0,0.333333333333333,0,"spiked"
"cg21222430","methyl",FALSE,0,0,0.333333333333333,0,"spiked"
"cg01745510","methyl",FALSE,0,0,0.333333333333333,0,"spiked"
"cg04875709","methyl",FALSE,0,0,0.333333333333333,0,"spiked"
"cg00554702","methyl",TRUE,0.0949157995752499,0.0949157995752499,0.333333333333333,0.333333333333333,"spiked"
"cg03474731","methyl",FALSE,0,0,0.333333333333333,0,"spiked"
"cg01875775","methyl",FALSE,0,0,0.333333333333333,0,"spiked"
"cg16189954","methyl",FALSE,0,0,0.333333333333333,0,"spiked"
"cg22585269","methyl",FALSE,0,0,0.333333333333333,0,"spiked"
"cg25112853","methyl",FALSE,0,0,0.333333333333333,0,"spiked"
"cg25718402","methyl",FALSE,0,0,0.333333333333333,0,"spiked"
"cg19835478","methyl",FALSE,0,0,0.333333333333333,0,"spiked"
"cg25020459","methyl",TRUE,0.0949157995752499,0.0949157995752499,0.333333333333333,0.333333333333333,"spiked"
"cg04180460","methyl",FALSE,0,0,0.333333333333333,0,"spiked"
"cg14663065","methyl",FALSE,0,0,0.333333333333333,0,"spiked"
"cg02317907","methyl",FALSE,0,0,0.333333333333333,0,"spiked"
"cg03641225","methyl",FALSE,0,0,0.333333333333333,0,"spiked"
"cg05392265","methyl",FALSE,0,0,0.333333333333333,0,"spiked"
"cg06191076","methyl",FALSE,0,0,0.333333333333333,0,"spiked"
"cg09118625","methyl",FALSE,0,0,0.333333333333333,0,"spiked"
"cg11465163","methyl",FALSE,0,0,0.333333333333333,0,"spiked"
"cg12986021","methyl",FALSE,0,0,0.333333333333333,0,"spiked"
"cg13697378","methyl",FALSE,0,0,0.333333333333333,0,"spiked"
"cg16148270","methyl",FALSE,0,0,0.333333333333333,0,"spiked"
"cg19114595","methyl",FALSE,0,0,0.333333333333333,0,"spiked"
"cg21808053","methyl",FALSE,0,0,0.333333333333333,0,"spiked"
"cg22500004","methyl",FALSE,0,0,0.333333333333333,0,"spiked"
"cg22901840","methyl",FALSE,0,0,0.333333333333333,0,"spiked"
"cg24871743","methyl",FALSE,0,0,0.333333333333333,0,"spiked"
"cg01663570","methyl",FALSE,0,0,0.333333333333333,0,"spiked"
"cg10674793","methyl",TRUE,0.0949157995752499,0.0949157995752499,0.333333333333333,0.333333333333333,"spiked"
"cg16142977","methyl",FALSE,0,0,0.333333333333333,0,"spiked"
"cg18064655","methyl",FALSE,0,0,0.333333333333333,0,"spiked"
"cg09186685","methyl",FALSE,0,0,0.333333333333333,0,"spiked"
"cg03860890","methyl",FALSE,0,0,0.333333333333333,0,"spiked"
"cg14094960","methyl",FALSE,0,0,0.333333333333333,0,"spiked"
"cg14972143","methyl",FALSE,0,0,0.333333333333333,0,"spiked"
"cg15633390","methyl",FALSE,0,0,0.333333333333333,0,"spiked"
"cg18350458","methyl",FALSE,0,0,0.333333333333333,0,"spiked"
"cg25500285","methyl",FALSE,0,0,0.333333333333333,0,"spiked"
"cg04531710","methyl",FALSE,0,0,0.333333333333333,0,"spiked"
"cg09875273","methyl",FALSE,0,0,0.333333333333333,0,"spiked"
"cg10394385","methyl",FALSE,0,0,0.333333333333333,0,"spiked"
"cg11993754","methyl",FALSE,0,0,0.333333333333333,0,"spiked"
"cg13263114","methyl",FALSE,0,0,0.333333333333333,0,"spiked"
"cg16065186","methyl",FALSE,0,0,0.333333333333333,0,"spiked"
"cg19752722","methyl",FALSE,0,0,0.333333333333333,0,"spiked"
"cg22778981","methyl",FALSE,0,0,0.333333333333333,0,"spiked"
"cg23906291","methyl",FALSE,0,0,0.333333333333333,0,"spiked"
"cg24649641","methyl",FALSE,0,0,0.333333333333333,0,"spiked"
"cg26111030","methyl",FALSE,0,0,0.333333333333333,0,"spiked"
"cg27005179","methyl",FALSE,0,0,0.333333333333333,0,"spiked"
"cg03437318","methyl",FALSE,0,0,0.333333333333333,0,"spiked"
"cg19258882","methyl",FALSE,0,0,0.333333333333333,0,"spiked"
"cg19560758","methyl",TRUE,0.0949157995752499,0.0949157995752499,0.333333333333333,0.333333333333333,"spiked"
"cg00655307","methyl",FALSE,0,0,0.333333333333333,0,"spiked"
"cg02720618","methyl",FALSE,0,0,0.333333333333333,0,"spiked"
"cg07671949","methyl",TRUE,0.0949157995752499,0.0949157995752499,0.333333333333333,0.333333333333333,"spiked"
"cg11251858","methyl",FALSE,0,0,0.333333333333333,0,"spiked"
"cg15626350","methyl",FALSE,0,0,0.333333333333333,0,"spiked"
"cg20253551","methyl",FALSE,0,0,0.333333333333333,0,"spiked"
"cg20627916","methyl",FALSE,0,0,0.333333333333333,0,"spiked"
"cg11861730","methyl",FALSE,0,0,0.333333333333333,0,"spiked"
"cg14998713","methyl",TRUE,0.0949157995752499,0.0949157995752499,0.333333333333333,0.333333333333333,"spiked"
"cg03386722","methyl",FALSE,0,0,0.333333333333333,0,"spiked"
"cg23244421","methyl",FALSE,0,0,0.333333333333333,0,"spiked"
"cg10692870","methyl",FALSE,0,0,0.333333333333333,0,"spiked"
"cg22511947","methyl",FALSE,0,0,0.333333333333333,0,"spiked"
"cg09976774","methyl",TRUE,0.0949157995752499,0.0949157995752499,0.333333333333333,0.333333333333333,"spiked"
"cg18470891","methyl",FALSE,0,0,0.333333333333333,0,"spiked"
"cg02060698","methyl",FALSE,0,0,0.333333333333333,0,"spiked"
"cg14310890","methyl",FALSE,0,0,0.333333333333333,0,"spiked"
"cg12536534","methyl",FALSE,0,0,0.333333333333333,0,"spiked"
"cg18780751","methyl",FALSE,0,0,0.333333333333333,0,"spiked"
"cg06023257","methyl",FALSE,0,0,0.333333333333333,0,"spiked"
"cg23109191","methyl",FALSE,0,0,0.333333333333333,0,"spiked"
"cg00241355","methyl",FALSE,0,0,0.333333333333333,0,"spiked"
"cg20917484","methyl",FALSE,0,0,0.333333333333333,0,"spiked"
"cg06230736","methyl",FALSE,0,0,0.333333333333333,0,"spiked"
"cg04497885","methyl",FALSE,0,0,0.333333333333333,0,"spiked"
"cg18333807","methyl",FALSE,0,0,0.333333333333333,0,"spiked"
"cg00929855","methyl",FALSE,0,0,0.333333333333333,0,"spiked"
"cg05920090","methyl",TRUE,0.0949157995752499,0.0949157995752499,0.333333333333333,0.333333333333333,"spiked"
"cg18424091","methyl",FALSE,0,0,0.333333333333333,0,"spiked"
"cg25854162","methyl",TRUE,0.0949157995752499,0.0949157995752499,0.333333333333333,0.333333333333333,"spiked"
"cg26187237","methyl",FALSE,0,0,0.333333333333333,0,"spiked"
"cg11620807","methyl",FALSE,0,0,0.333333333333333,0,"spiked"
"cg09759260","methyl",FALSE,0,0,0.333333333333333,0,"spiked"
"cg15676241","methyl",FALSE,0,0,0.333333333333333,0,"spiked"
"cg01909487","methyl",FALSE,0,0,0.333333333333333,0,"spiked"
"cg24946133","methyl",FALSE,0,0,0.333333333333333,0,"spiked"
"cg14323109","methyl",FALSE,0,0,0.333333333333333,0,"spiked"
"cg17286640","methyl",FALSE,0,0,0.333333333333333,0,"spiked"
"cg27154163","methyl",FALSE,0,0,0.333333333333333,0,"spiked"
"cg01525376","methyl",TRUE,0.0949157995752499,0.0949157995752499,0.333333333333333,0.333333333333333,"spiked"
"cg17078393","methyl",FALSE,0,0,0.333333333333333,0,"spiked"
"cg14155397","methyl",FALSE,0,0,0.333333333333333,0,"spiked"
"cg20484306","methyl",TRUE,0.0949157995752499,0.0949157995752499,0.333333333333333,0.333333333333333,"spiked"
"cg05546044","methyl",TRUE,0.0949157995752499,0.0949157995752499,0.333333333333333,0.333333333333333,"spiked"
"cg11265916","methyl",TRUE,0.0949157995752499,0.0949157995752499,0.333333333333333,0.333333333333333,"spiked"
"cg02412050","methyl",FALSE,0,0,0.333333333333333,0,"spiked"
"cg24991452","methyl",FALSE,0,0,0.333333333333333,0,"spiked"
"cg21169285","methyl",FALSE,0,0,0.333333333333333,0,"spiked"
"cg14191360","methyl",FALSE,0,0,0.333333333333333,0,"spiked"
"cg25299676","methyl",FALSE,0,0,0.333333333333333,0,"spiked"
"cg20815063","methyl",FALSE,0,0,0.333333333333333,0,"spiked"
"cg23759214","methyl",TRUE,0.0949157995752499,0.0949157995752499,0.333333333333333,0.333333333333333,"spiked"
"cg19972619","methyl",FALSE,0,0,0.333333333333333,0,"spiked"
"cg27207274","methyl",FALSE,0,0,0.333333333333333,0,"spiked"
"cg15488251","methyl",FALSE,0,0,0.333333333333333,0,"spiked"
"cg17880199","methyl",FALSE,0,0,0.333333333333333,0,"spiked"
"cg07477160","methyl",FALSE,0,0,0.333333333333333,0,"spiked"
"cg09102409","methyl",FALSE,0,0,0.333333333333333,0,"spiked"
"cg13671831","methyl",TRUE,0.0949157995752499,0.0949157995752499,0.333333333333333,0.333333333333333,"spiked"
"cg16293088","methyl",FALSE,0,0,0.333333333333333,0,"spiked"
"cg01137708","methyl",FALSE,0,0,0.333333333333333,0,"spiked"
"cg03464689","methyl",FALSE,0,0,0.333333333333333,0,"spiked"
"cg16829154","methyl",FALSE,0,0,0.333333333333333,0,"spiked"
"cg20042228","methyl",FALSE,0,0,0.333333333333333,0,"spiked"
"cg07068998","methyl",TRUE,0.0949157995752499,0.0949157995752499,0.333333333333333,0.333333333333333,"spiked"
"cg17457560","methyl",FALSE,0,0,0.333333333333333,0,"spiked"
"cg19162158","methyl",FALSE,0,0,0.333333333333333,0,"spiked"
"cg17425224","methyl",FALSE,0,0,0.333333333333333,0,"spiked"
"cg25007680","methyl",TRUE,0.0949157995752499,0.0949157995752499,0.333333333333333,0.333333333333333,"spiked"
"cg02689825","methyl",TRUE,0.0949157995752499,0.0949157995752499,0.333333333333333,0.333333333333333,"spiked"
"cg04562739","methyl",FALSE,0,0,0.333333333333333,0,"spiked"
"cg25984124","methyl",FALSE,0,0,0.333333333333333,0,"spiked"
"cg16385933","methyl",FALSE,0,0,0.333333333333333,0,"spiked"
"cg24371157","methyl",FALSE,0,0,0.333333333333333,0,"spiked"
"cg05702952","methyl",FALSE,0,0,0.333333333333333,0,"spiked"
"cg17679246","methyl",FALSE,0,0,0.333333333333333,0,"spiked"
"cg07566050","methyl",FALSE,0,0,0.333333333333333,0,"spiked"
"cg18177682","methyl",FALSE,0,0,0.333333333333333,0,"spiked"
"cg23641145","methyl",TRUE,0.0949157995752499,0.0949157995752499,0.333333333333333,0.333333333333333,"spiked"
"cg12663253","methyl",FALSE,0,0,0.333333333333333,0,"spiked"
"cg15021292","methyl",FALSE,0,0,0.333333333333333,0,"spiked"
"cg02631906","methyl",TRUE,0.0949157995752499,0.0949157995752499,0.333333333333333,0.333333333333333,"spiked"
"cg21319693","methyl",FALSE,0,0,0.333333333333333,0,"spiked"
"cg24364574","methyl",FALSE,0,0,0.333333333333333,0,"spiked"
"cg26206598","methyl",TRUE,0.0949157995752499,0.0949157995752499,0.333333333333333,0.333333333333333,"spiked"
"cg10786880","methyl",FALSE,0,0,0.333333333333333,0,"spiked"
"cg02630105","methyl",FALSE,0,0,0.333333333333333,0,"spiked"
"cg13908523","methyl",FALSE,0,0,0.333333333333333,0,"spiked"
"cg01228636","methyl",TRUE,0.0949157995752499,0.0949157995752499,0.333333333333333,0.333333333333333,"spiked"
"cg04738091","methyl",FALSE,0,0,0.333333333333333,0,"spiked"
"cg08859916","methyl",FALSE,0,0,0.333333333333333,0,"spiked"
"cg16687447","methyl",FALSE,0,0,0.333333333333333,0,"spiked"
"cg17489897","methyl",FALSE,0,0,0.333333333333333,0,"spiked"
"cg20849549","methyl",FALSE,0,0,0.333333333333333,0,"spiked"
"cg21573601","methyl",TRUE,0.0949157995752499,0.0949157995752499,0.333333333333333,0.333333333333333,"spiked"
"cg16785344","methyl",FALSE,0,0,0.333333333333333,0,"spiked"
"cg17026456","methyl",FALSE,0,0,0.333333333333333,0,"spiked"
"cg09243900","methyl",TRUE,0.0949157995752499,0.0949157995752499,0.333333333333333,0.333333333333333,"spiked"
"cg19580810","methyl",FALSE,0,0,0.333333333333333,0,"spiked"
"cg21935083","methyl",FALSE,0,0,0.333333333333333,0,"spiked"
"cg24974130","methyl",FALSE,0,0,0.333333333333333,0,"spiked"
"cg04662451","methyl",FALSE,0,0,0.333333333333333,0,"spiked"
"cg21465754","methyl",FALSE,0,0,0.333333333333333,0,"spiked"
"cg09326546","methyl",FALSE,0,0,0.333333333333333,0,"spiked"
"cg18331396","methyl",FALSE,0,0,0.333333333333333,0,"spiked"
"cg00059930","methyl",FALSE,0,0,0.333333333333333,0,"spiked"
"cg01738359","methyl",FALSE,0,0,0.333333333333333,0,"spiked"
"cg03085377","methyl",FALSE,0,0,0.333333333333333,0,"spiked"
"cg07880715","methyl",FALSE,0,0,0.333333333333333,0,"spiked"
"cg08383063","methyl",TRUE,0.0949157995752499,0.0949157995752499,0.333333333333333,0.333333333333333,"spiked"
"cg10552385","methyl",FALSE,0,0,0.333333333333333,0,"spiked"
"cg13221796","methyl",FALSE,0,0,0.333333333333333,0,"spiked"
"cg13431205","methyl",FALSE,0,0,0.333333333333333,0,"spiked"
"cg16153267","methyl",FALSE,0,0,0.333333333333333,0,"spiked"
"cg17055959","methyl",FALSE,0,0,0.333333333333333,0,"spiked"
"cg18481241","methyl",FALSE,0,0,0.333333333333333,0,"spiked"
"cg19254235","methyl",FALSE,0,0,0.333333333333333,0,"spiked"
"cg19296958","methyl",FALSE,0,0,0.333333333333333,0,"spiked"
"cg19427472","methyl",FALSE,0,0,0.333333333333333,0,"spiked"
"cg19447496","methyl",FALSE,0,0,0.333333333333333,0,"spiked"
"cg21512370","methyl",FALSE,0,0,0.333333333333333,0,"spiked"
"cg24937706","methyl",FALSE,0,0,0.333333333333333,0,"spiked"
"cg26119796","methyl",FALSE,0,0,0.333333333333333,0,"spiked"
"cg27182551","methyl",FALSE,0,0,0.333333333333333,0,"spiked"
"cg05368942","methyl",FALSE,0,0,0.333333333333333,0,"spiked"
"cg25416363","methyl",FALSE,0,0,0.333333333333333,0,"spiked"
"cg02942159","methyl",FALSE,0,0,0.333333333333333,0,"spiked"
"cg16925486","methyl",FALSE,0,0,0.333333333333333,0,"spiked"
"cg01031251","methyl",FALSE,0,0,0.333333333333333,0,"spiked"
"cg19259146","methyl",FALSE,0,0,0.333333333333333,0,"spiked"
"cg00239419","methyl",FALSE,0,0,0.333333333333333,0,"spiked"
"cg00547829","methyl",FALSE,0,0,0.333333333333333,0,"spiked"
"cg11505565","methyl",FALSE,0,0,0.333333333333333,0,"spiked"
"cg02273392","methyl",FALSE,0,0,0.333333333333333,0,"spiked"
"cg20583316","methyl",FALSE,0,0,0.333333333333333,0,"spiked"
"cg10444350","methyl",TRUE,0.0949157995752499,0.0949157995752499,0.333333333333333,0.333333333333333,"spiked"
"cg24269276","methyl",FALSE,0,0,0.333333333333333,0,"spiked"
"cg00915289","methyl",FALSE,0,0,0.333333333333333,0,"spiked"
"cg06418219","methyl",FALSE,0,0,0.333333333333333,0,"spiked"
"cg17891149","methyl",FALSE,0,0,0.333333333333333,0,"spiked"
"cg01803059","methyl",FALSE,0,0,0.333333333333333,0,"spiked"
"cg06440646","methyl",FALSE,0,0,0.333333333333333,0,"spiked"
"cg14556189","methyl",TRUE,0.0949157995752499,0.0949157995752499,0.333333333333333,0.333333333333333,"spiked"
"cg10315128","methyl",FALSE,0,0,0.333333333333333,0,"spiked"
"cg26909431","methyl",FALSE,0,0,0.333333333333333,0,"spiked"
"cg14446808","methyl",FALSE,0,0,0.333333333333333,0,"spiked"
"cg20406374","methyl",FALSE,0,0,0.333333333333333,0,"spiked"
"cg24341536","methyl",FALSE,0,0,0.333333333333333,0,"spiked"
"cg05498681","methyl",FALSE,0,0,0.333333333333333,0,"spiked"
"cg22437284","methyl",FALSE,0,0,0.333333333333333,0,"spiked"
"cg18112163","methyl",FALSE,0,0,0.333333333333333,0,"spiked"
"cg20716209","methyl",FALSE,0,0,0.333333333333333,0,"spiked"
"cg03001305","methyl",FALSE,0,0,0.333333333333333,0,"spiked"
"cg16777510","methyl",FALSE,0,0,0.333333333333333,0,"spiked"
"cg14009312","methyl",FALSE,0,0,0.333333333333333,0,"spiked"
"cg21547976","methyl",FALSE,0,0,0.333333333333333,0,"spiked"
"cg04471507","methyl",TRUE,0.0949157995752499,0.0949157995752499,0.333333333333333,0.333333333333333,"spiked"
"cg06453691","methyl",TRUE,0.0949157995752499,0.0949157995752499,0.333333333333333,0.333333333333333,"spiked"
"cg23323671","methyl",FALSE,0,0,0.333333333333333,0,"spiked"
"cg02608019","methyl",FALSE,0,0,0.333333333333333,0,"spiked"
"cg05801648","methyl",FALSE,0,0,0.333333333333333,0,"spiked"
"cg07160163","methyl",FALSE,0,0,0.333333333333333,0,"spiked"
"cg10025443","methyl",FALSE,0,0,0.333333333333333,0,"spiked"
"cg14304761","methyl",FALSE,0,0,0.333333333333333,0,"spiked"
"cg16896647","methyl",FALSE,0,0,0.333333333333333,0,"spiked"
"cg23447996","methyl",FALSE,0,0,0.333333333333333,0,"spiked"
"cg17083925","methyl",FALSE,0,0,0.333333333333333,0,"spiked"
"cg06587969","methyl",FALSE,0,0,0.333333333333333,0,"spiked"
"cg15206330","methyl",FALSE,0,0,0.333333333333333,0,"spiked"
"cg22175811","methyl",FALSE,0,0,0.333333333333333,0,"spiked"
"cg09020461","methyl",FALSE,0,0,0.333333333333333,0,"spiked"
"cg12032620","methyl",FALSE,0,0,0.333333333333333,0,"spiked"
"cg04648087","methyl",FALSE,0,0,0.333333333333333,0,"spiked"
"cg19393006","methyl",FALSE,0,0,0.333333333333333,0,"spiked"
"cg02198582","methyl",FALSE,0,0,0.333333333333333,0,"spiked"
"cg05243909","methyl",FALSE,0,0,0.333333333333333,0,"spiked"
"cg19837824","methyl",FALSE,0,0,0.333333333333333,0,"spiked"
"cg20253700","methyl",FALSE,0,0,0.333333333333333,0,"spiked"
"cg14217534","methyl",FALSE,0,0,0.333333333333333,0,"spiked"
"cg21300561","methyl",FALSE,0,0,0.333333333333333,0,"spiked"
"cg03509024","methyl",FALSE,0,0,0.333333333333333,0,"spiked"
"cg16869108","methyl",FALSE,0,0,0.333333333333333,0,"spiked"
"cg20916523","methyl",FALSE,0,0,0.333333333333333,0,"spiked"
"cg22782492","methyl",FALSE,0,0,0.333333333333333,0,"spiked"
"cg24092914","methyl",FALSE,0,0,0.333333333333333,0,"spiked"
"cg25539131","methyl",FALSE,0,0,0.333333333333333,0,"spiked"
"cg27226214","methyl",TRUE,0.0949157995752499,0.0949157995752499,0.333333333333333,0.333333333333333,"spiked"
"cg12507125","methyl",FALSE,0,0,0.333333333333333,0,"spiked"
"cg24078828","methyl",FALSE,0,0,0.333333333333333,0,"spiked"
"cg14013300","methyl",FALSE,0,0,0.333333333333333,0,"spiked"
"cg18940763","methyl",FALSE,0,0,0.333333333333333,0,"spiked"
"cg01880404","methyl",FALSE,0,0,0.333333333333333,0,"spiked"
"cg15167433","methyl",FALSE,0,0,0.333333333333333,0,"spiked"
"cg16579354","methyl",FALSE,0,0,0.333333333333333,0,"spiked"
"cg21404906","methyl",FALSE,0,0,0.333333333333333,0,"spiked"
"cg01442799","methyl",FALSE,0,0,0.333333333333333,0,"spiked"
"cg26369667","methyl",FALSE,0,0,0.333333333333333,0,"spiked"
"cg00650876","methyl",FALSE,0,0,0.333333333333333,0,"spiked"
"cg07064406","methyl",FALSE,0,0,0.333333333333333,0,"spiked"
"cg22799917","methyl",FALSE,0,0,0.333333333333333,0,"spiked"
"cg11816577","methyl",FALSE,0,0,0.333333333333333,0,"spiked"
"cg25299176","methyl",TRUE,0.0949157995752499,0.0949157995752499,0.333333333333333,0.333333333333333,"spiked"
"cg07981588","methyl",FALSE,0,0,0.333333333333333,0,"spiked"
"ACACA","expr",FALSE,0,0,0.333333333333333,0,"spiked"
"ACVRL1","expr",FALSE,0,0,0.333333333333333,0,"spiked"
"AKT1","expr",FALSE,0,0,0.333333333333333,0,"spiked"
"AKT1S1","expr",FALSE,0,0,0.333333333333333,0,"spiked"
"ANXA1","expr",FALSE,0,0,0.333333333333333,0,"spiked"
"AR","expr",FALSE,0,0,0.333333333333333,0,"spiked"
"ARAF","expr",FALSE,0,0,0.333333333333333,0,"spiked"
"ASNS","expr",FALSE,0,0,0.333333333333333,0,"spiked"
"ATM","expr",FALSE,0,0,0.333333333333333,0,"spiked"
"BAD","expr",FALSE,0,0,0.333333333333333,0,"spiked"
"BAK1","expr",FALSE,0,0,0.333333333333333,0,"spiked"
"BAP1","expr",FALSE,0,0,0.333333333333333,0,"spiked"
"BAX","expr",FALSE,0,0,0.333333333333333,0,"spiked"
"BCL2","expr",FALSE,0,0,0.333333333333333,0,"spiked"
"BCL2L1","expr",TRUE,0.160128153805087,0.160128153805087,0.333333333333333,0.333333333333333,"spiked"
"BCL2L11","expr",FALSE,0,0,0.333333333333333,0,"spiked"
"BECN1","expr",FALSE,0,0,0.333333333333333,0,"spiked"
"BID","expr",FALSE,0,0,0.333333333333333,0,"spiked"
"BRAF","expr",FALSE,0,0,0.333333333333333,0,"spiked"
"BRCA2","expr",FALSE,0,0,0.333333333333333,0,"spiked"
"CASP7","expr",FALSE,0,0,0.333333333333333,0,"spiked"
"CAV1","expr",FALSE,0,0,0.333333333333333,0,"spiked"
"CCNB1","expr",FALSE,0,0,0.333333333333333,0,"spiked"
"CCND1","expr",FALSE,0,0,0.333333333333333,0,"spiked"
"CCNE1","expr",FALSE,0,0,0.333333333333333,0,"spiked"
"CCNE2","expr",FALSE,0,0,0.333333333333333,0,"spiked"
"CDH1","expr",FALSE,0,0,0.333333333333333,0,"spiked"
"CDH2","expr",FALSE,0,0,0.333333333333333,0,"spiked"
"CDH3","expr",FALSE,0,0,0.333333333333333,0,"spiked"
"CDKN1A","expr",FALSE,0,0,0.333333333333333,0,"spiked"
"CDKN1B","expr",FALSE,0,0,0.333333333333333,0,"spiked"
"CHEK1","expr",FALSE,0,0,0.333333333333333,0,"spiked"
"CHEK2","expr",TRUE,0.160128153805087,0.160128153805087,0.333333333333333,0.333333333333333,"spiked"
"CLDN7","expr",FALSE,0,0,0.333333333333333,0,"spiked"
"COL6A1","expr",FALSE,0,0,0.333333333333333,0,"spiked"
"CTNNB1","expr",FALSE,0,0,0.333333333333333,0,"spiked"
"DIRAS3","expr",FALSE,0,0,0.333333333333333,0,"spiked"
"DVL3","expr",FALSE,0,0,0.333333333333333,0,"spiked"
"EEF2","expr",FALSE,0,0,0.333333333333333,0,"spiked"
"EEF2K","expr",FALSE,0,0,0.333333333333333,0,"spiked"
"EGFR","expr",FALSE,0,0,0.333333333333333,0,"spiked"
"EIF4E","expr",FALSE,0,0,0.333333333333333,0,"spiked"
"EIF4EBP1","expr",FALSE,0,0,0.333333333333333,0,"spiked"
"EIF4G1","expr",FALSE,0,0,0.333333333333333,0,"spiked"
"ERBB2","expr",FALSE,0,0,0.333333333333333,0,"spiked"
"ERBB3","expr",FALSE,0,0,0.333333333333333,0,"spiked"
"ERRFI1","expr",FALSE,0,0,0.333333333333333,0,"spiked"
"ESR1","expr",FALSE,0,0,0.333333333333333,0,"spiked"
"ETS1","expr",TRUE,0.160128153805087,0.160128153805087,0.333333333333333,0.333333333333333,"spiked"
"FASN","expr",FALSE,0,0,0.333333333333333,0,"spiked"
"FN1","expr",FALSE,0,0,0.333333333333333,0,"spiked"
"FOXM1","expr",FALSE,0,0,0.333333333333333,0,"spiked"
"FOXO3","expr",FALSE,0,0,0.333333333333333,0,"spiked"
"G6PD","expr",FALSE,0,0,0.333333333333333,0,"spiked"
"GAB2","expr",FALSE,0,0,0.333333333333333,0,"spiked"
"GAPDH","expr",FALSE,0,0,0.333333333333333,0,"spiked"
"GATA3","expr",FALSE,0,0,0.333333333333333,0,"spiked"
"GSK3A","expr",FALSE,0,0,0.333333333333333,0,"spiked"
"HSPA1A","expr",TRUE,0.160128153805087,0.160128153805087,0.333333333333333,0.333333333333333,"spiked"
"IGFBP2","expr",FALSE,0,0,0.333333333333333,0,"spiked"
"IRS1","expr",FALSE,0,0,0.333333333333333,0,"spiked"
"ITGA2","expr",FALSE,0,0,0.333333333333333,0,"spiked"
"JUN","expr",FALSE,0,0,0.333333333333333,0,"spiked"
"KDR","expr",FALSE,0,0,0.333333333333333,0,"spiked"
"KIT","expr",FALSE,0,0,0.333333333333333,0,"spiked"
"LCK","expr",FALSE,0,0,0.333333333333333,0,"spiked"
"MAP2K1","expr",FALSE,0,0,0.333333333333333,0,"spiked"
"MAPK1","expr",FALSE,0,0,0.333333333333333,0,"spiked"
"MAPK14","expr",FALSE,0,0,0.333333333333333,0,"spiked"
"MAPK9","expr",FALSE,0,0,0.333333333333333,0,"spiked"
"MET","expr",TRUE,0.160128153805087,0.160128153805087,0.333333333333333,0.333333333333333,"spiked"
"MRE11A","expr",TRUE,0.160128153805087,0.160128153805087,0.333333333333333,0.333333333333333,"spiked"
"MYC","expr",FALSE,0,0,0.333333333333333,0,"spiked"
"MYH11","expr",FALSE,0,0,0.333333333333333,0,"spiked"
"NDRG1","expr",FALSE,0,0,0.333333333333333,0,"spiked"
"NF2","expr",FALSE,0,0,0.333333333333333,0,"spiked"
"NFKB1","expr",FALSE,0,0,0.333333333333333,0,"spiked"
"NOTCH1","expr",FALSE,0,0,0.333333333333333,0,"spiked"
"NRAS","expr",FALSE,0,0,0.333333333333333,0,"spiked"
"NRG1","expr",FALSE,0,0,0.333333333333333,0,"spiked"
"PARK7","expr",FALSE,0,0,0.333333333333333,0,"spiked"
"PCNA","expr",FALSE,0,0,0.333333333333333,0,"spiked"
"PDCD4","expr",TRUE,0.160128153805087,0.160128153805087,0.333333333333333,0.333333333333333,"spiked"
"PDK1","expr",FALSE,0,0,0.333333333333333,0,"spiked"
"PEA15","expr",FALSE,0,0,0.333333333333333,0,"spiked"
"PGR","expr",FALSE,0,0,0.333333333333333,0,"spiked"
"PIK3R1","expr",FALSE,0,0,0.333333333333333,0,"spiked"
"PRDX1","expr",FALSE,0,0,0.333333333333333,0,"spiked"
"PREX1","expr",FALSE,0,0,0.333333333333333,0,"spiked"
"PRKAA1","expr",FALSE,0,0,0.333333333333333,0,"spiked"
"PRKCD","expr",TRUE,0.160128153805087,0.160128153805087,0.333333333333333,0.333333333333333,"spiked"
"PTEN","expr",FALSE,0,0,0.333333333333333,0,"spiked"
"PXN","expr",FALSE,0,0,0.333333333333333,0,"spiked"
"RAB25","expr",FALSE,0,0,0.333333333333333,0,"spiked"
"RAD50","expr",FALSE,0,0,0.333333333333333,0,"spiked"
"RAD51","expr",FALSE,0,0,0.333333333333333,0,"spiked"
"RAF1","expr",FALSE,0,0,0.333333333333333,0,"spiked"
"RB1","expr",FALSE,0,0,0.333333333333333,0,"spiked"
"RBM15","expr",FALSE,0,0,0.333333333333333,0,"spiked"
"RPS6","expr",TRUE,0.160128153805087,0.160128153805087,0.333333333333333,0.333333333333333,"spiked"
"RPS6KA1","expr",FALSE,0,0,0.333333333333333,0,"spiked"
"RPS6KB1","expr",FALSE,0,0,0.333333333333333,0,"spiked"
"SERPINE1","expr",FALSE,0,0,0.333333333333333,0,"spiked"
"SFRS1","expr",FALSE,0,0,0.333333333333333,0,"spiked"
"SHC1","expr",FALSE,0,0,0.333333333333333,0,"spiked"
"SMAD1","expr",FALSE,0,0,0.333333333333333,0,"spiked"
"SMAD3","expr",FALSE,0,0,0.333333333333333,0,"spiked"
"SMAD4","expr",FALSE,0,0,0.333333333333333,0,"spiked"
"SQSTM1","expr",FALSE,0,0,0.333333333333333,0,"spiked"
"SRC","expr",FALSE,0,0,0.333333333333333,0,"spiked"
"STAT3","expr",FALSE,0,0,0.333333333333333,0,"spiked"
"STAT5A","expr",FALSE,0,0,0.333333333333333,0,"spiked"
"STK11","expr",FALSE,0,0,0.333333333333333,0,"spiked"
"STMN1","expr",FALSE,0,0,0.333333333333333,0,"spiked"
"SYK","expr",FALSE,0,0,0.333333333333333,0,"spiked"
"TGM2","expr",FALSE,0,0,0.333333333333333,0,"spiked"
"TP53","expr",TRUE,0.160128153805087,0.160128153805087,0.333333333333333,0.333333333333333,"spiked"
"TP53BP1","expr",FALSE,0,0,0.333333333333333,0,"spiked"
"TSC1","expr",FALSE,0,0,0.333333333333333,0,"spiked"
"TSC2","expr",FALSE,0,0,0.333333333333333,0,"spiked"
"TUBA1B","expr",FALSE,0,0,0.333333333333333,0,"spiked"
"VHL","expr",FALSE,0,0,0.333333333333333,0,"spiked"
"WWTR1","expr",FALSE,0,0,0.333333333333333,0,"spiked"
"XBP1","expr",TRUE,0.160128153805087,0.160128153805087,0.333333333333333,0.333333333333333,"spiked"
"XRCC1","expr",TRUE,0.160128153805087,0.160128153805087,0.333333333333333,0.333333333333333,"spiked"
"XRCC5","expr",FALSE,0,0,0.333333333333333,0,"spiked"
"YAP1","expr",FALSE,0,0,0.333333333333333,0,"spiked"
"YBX1","expr",TRUE,0.160128153805087,0.160128153805087,0.333333333333333,0.333333333333333,"spiked"
"YWHAB","expr",FALSE,0,0,0.333333333333333,0,"spiked"
"YWHAE","expr",FALSE,0,0,0.333333333333333,0,"spiked"
"YWHAZ","expr",FALSE,0,0,0.333333333333333,0,"spiked"
"ACC1","protein",FALSE,0,0,0.333333333333333,0,"spiked"
"ACC_pS79","protein",FALSE,0,0,0.333333333333333,0,"spiked"
"ACVRL1.1","protein",FALSE,0,0,0.333333333333333,0,"spiked"
"Akt_pS473","protein",FALSE,0,0,0.333333333333333,0,"spiked"
"PRAS40_pT246","protein",FALSE,0,0,0.333333333333333,0,"spiked"
"Annexin.1","protein",FALSE,0,0,0.333333333333333,0,"spiked"
"AR.1","protein",FALSE,0,0,0.333333333333333,0,"spiked"
"A.Raf_pS299","protein",FALSE,0,0,0.333333333333333,0,"spiked"
"ASNS.1","protein",TRUE,0.144337567297406,0.144337567297406,0.333333333333333,0.333333333333333,"spiked"
"ATM.1","protein",FALSE,0,0,0.333333333333333,0,"spiked"
"Bad_pS112","protein",FALSE,0,0,0.333333333333333,0,"spiked"
"Bak","protein",FALSE,0,0,0.333333333333333,0,"spiked"
"Bap1.c.4","protein",FALSE,0,0,0.333333333333333,0,"spiked"
"Bax","protein",FALSE,0,0,0.333333333333333,0,"spiked"
"Bcl.2","protein",FALSE,0,0,0.333333333333333,0,"spiked"
"Bcl.xL","protein",FALSE,0,0,0.333333333333333,0,"spiked"
"Bim","protein",FALSE,0,0,0.333333333333333,0,"spiked"
"Beclin","protein",FALSE,0,0,0.333333333333333,0,"spiked"
"Bid","protein",FALSE,0,0,0.333333333333333,0,"spiked"
"B.Raf","protein",FALSE,0,0,0.333333333333333,0,"spiked"
"BRCA2.1","protein",FALSE,0,0,0.333333333333333,0,"spiked"
"Caspase.7_cleavedD198","protein",FALSE,0,0,0.333333333333333,0,"spiked"
"Caveolin.1","protein",FALSE,0,0,0.333333333333333,0,"spiked"
"Cyclin_B1","protein",FALSE,0,0,0.333333333333333,0,"spiked"
"Cyclin_D1","protein",FALSE,0,0,0.333333333333333,0,"spiked"
"Cyclin_E1","protein",TRUE,0.144337567297406,0.144337567297406,0.333333333333333,0.333333333333333,"spiked"
"Cyclin_E2","protein",FALSE,0,0,0.333333333333333,0,"spiked"
"E.Cadherin","protein",FALSE,0,0,0.333333333333333,0,"spiked"
"N.Cadherin","protein",FALSE,0,0,0.333333333333333,0,"spiked"
"P.Cadherin","protein",FALSE,0,0,0.333333333333333,0,"spiked"
"p21","protein",FALSE,0,0,0.333333333333333,0,"spiked"
"p27","protein",FALSE,0,0,0.333333333333333,0,"spiked"
"p27_pT157","protein",FALSE,0,0,0.333333333333333,0,"spiked"
"p27_pT198","protein",FALSE,0,0,0.333333333333333,0,"spiked"
"Chk1","protein",FALSE,0,0,0.333333333333333,0,"spiked"
"Chk1_pS345","protein",FALSE,0,0,0.333333333333333,0,"spiked"
"Chk2","protein",FALSE,0,0,0.333333333333333,0,"spiked"
"Chk2_pT68","protein",FALSE,0,0,0.333333333333333,0,"spiked"
"Claudin.7","protein",FALSE,0,0,0.333333333333333,0,"spiked"
"Collagen_VI","protein",FALSE,0,0,0.333333333333333,0,"spiked"
"beta.Catenin","protein",TRUE,0.144337567297406,0.144337567297406,0.333333333333333,0.333333333333333,"spiked"
"ARHI","protein",FALSE,0,0,0.333333333333333,0,"spiked"
"Dvl3","protein",TRUE,0.144337567297406,0.144337567297406,0.333333333333333,0.333333333333333,"spiked"
"eEF2","protein",FALSE,0,0,0.333333333333333,0,"spiked"
"eEF2K","protein",FALSE,0,0,0.333333333333333,0,"spiked"
"EGFR.1","protein",FALSE,0,0,0.333333333333333,0,"spiked"
"EGFR_pY1068","protein",FALSE,0,0,0.333333333333333,0,"spiked"
"EGFR_pY1173","protein",FALSE,0,0,0.333333333333333,0,"spiked"
"eIF4E","protein",FALSE,0,0,0.333333333333333,0,"spiked"
"X4E.BP1","protein",FALSE,0,0,0.333333333333333,0,"spiked"
"X4E.BP1_pS65","protein",FALSE,0,0,0.333333333333333,0,"spiked"
"X4E.BP1_pT70","protein",FALSE,0,0,0.333333333333333,0,"spiked"
"eIF4G","protein",FALSE,0,0,0.333333333333333,0,"spiked"
"HER2","protein",FALSE,0,0,0.333333333333333,0,"spiked"
"HER2_pY1248","protein",FALSE,0,0,0.333333333333333,0,"spiked"
"HER3","protein",FALSE,0,0,0.333333333333333,0,"spiked"
"HER3_pY1289","protein",FALSE,0,0,0.333333333333333,0,"spiked"
"MIG.6","protein",FALSE,0,0,0.333333333333333,0,"spiked"
"ER.alpha","protein",TRUE,0.144337567297406,0.144337567297406,0.333333333333333,0.333333333333333,"spiked"
"ER.alpha_pS118","protein",TRUE,0.144337567297406,0.144337567297406,0.333333333333333,0.333333333333333,"spiked"
"ETS.1","protein",FALSE,0,0,0.333333333333333,0,"spiked"
"FASN.1","protein",FALSE,0,0,0.333333333333333,0,"spiked"
"Fibronectin","protein",FALSE,0,0,0.333333333333333,0,"spiked"
"FoxM1","protein",FALSE,0,0,0.333333333333333,0,"spiked"
"FOXO3a","protein",FALSE,0,0,0.333333333333333,0,"spiked"
"FOXO3a_pS318_S321","protein",FALSE,0,0,0.333333333333333,0,"spiked"
"G6PD.1","protein",FALSE,0,0,0.333333333333333,0,"spiked"
"GAB2.1","protein",FALSE,0,0,0.333333333333333,0,"spiked"
"GAPDH.1","protein",FALSE,0,0,0.333333333333333,0,"spiked"
"GATA3.1","protein",FALSE,0,0,0.333333333333333,0,"spiked"
"GSK3.alpha.beta","protein",FALSE,0,0,0.333333333333333,0,"spiked"
"GSK3.alpha.beta_pS21_S9","protein",TRUE,0.144337567297406,0.144337567297406,0.333333333333333,0.333333333333333,"spiked"
"GSK3_pS9","protein",FALSE,0,0,0.333333333333333,0,"spiked"
"HSP70","protein",FALSE,0,0,0.333333333333333,0,"spiked"
"IGFBP2.1","protein",TRUE,0.144337567297406,0.144337567297406,0.333333333333333,0.333333333333333,"spiked"
"IRS1.1","protein",FALSE,0,0,0.333333333333333,0,"spiked"
"CD49b","protein",FALSE,0,0,0.333333333333333,0,"spiked"
"c.Jun_pS73","protein",FALSE,0,0,0.333333333333333,0,"spiked"
"VEGFR2","protein",FALSE,0,0,0.333333333333333,0,"spiked"
"c.Kit","protein",FALSE,0,0,0.333333333333333,0,"spiked"
"Lck","protein",FALSE,0,0,0.333333333333333,0,"spiked"
"MEK1","protein",FALSE,0,0,0.333333333333333,0,"spiked"
"MEK1_pS217_S221","protein",FALSE,0,0,0.333333333333333,0,"spiked"
"ERK2","protein",FALSE,0,0,0.333333333333333,0,"spiked"
"p38_MAPK","protein",FALSE,0,0,0.333333333333333,0,"spiked"
"p38_pT180_Y182","protein",FALSE,0,0,0.333333333333333,0,"spiked"
"JNK2","protein",FALSE,0,0,0.333333333333333,0,"spiked"
"c.Met_pY1235","protein",FALSE,0,0,0.333333333333333,0,"spiked"
"Mre11","protein",FALSE,0,0,0.333333333333333,0,"spiked"
"c.Myc","protein",FALSE,0,0,0.333333333333333,0,"spiked"
"MYH11.1","protein",FALSE,0,0,0.333333333333333,0,"spiked"
"NDRG1_pT346","protein",FALSE,0,0,0.333333333333333,0,"spiked"
"NF2.1","protein",FALSE,0,0,0.333333333333333,0,"spiked"
"NF.kB.p65_pS536","protein",FALSE,0,0,0.333333333333333,0,"spiked"
"Notch1","protein",FALSE,0,0,0.333333333333333,0,"spiked"
"N.Ras","protein",FALSE,0,0,0.333333333333333,0,"spiked"
"Heregulin","protein",FALSE,0,0,0.333333333333333,0,"spiked"
"DJ.1","protein",FALSE,0,0,0.333333333333333,0,"spiked"
"PCNA.1","protein",TRUE,0.144337567297406,0.144337567297406,0.333333333333333,0.333333333333333,"spiked"
"PDCD4.1","protein",FALSE,0,0,0.333333333333333,0,"spiked"
"PDK1.1","protein",FALSE,0,0,0.333333333333333,0,"spiked"
"PDK1_pS241","protein",FALSE,0,0,0.333333333333333,0,"spiked"
"PEA15_pS116","protein",FALSE,0,0,0.333333333333333,0,"spiked"
"PR","protein",FALSE,0,0,0.333333333333333,0,"spiked"
"PI3K.p85","protein",FALSE,0,0,0.333333333333333,0,"spiked"
"PRDX1.1","protein",FALSE,0,0,0.333333333333333,0,"spiked"
"PREX1.1","protein",FALSE,0,0,0.333333333333333,0,"spiked"
"AMPK_alpha","protein",FALSE,0,0,0.333333333333333,0,"spiked"
"AMPK_pT172","protein",FALSE,0,0,0.333333333333333,0,"spiked"
"PKC.delta_pS664","protein",FALSE,0,0,0.333333333333333,0,"spiked"
"PTEN.1","protein",TRUE,0.144337567297406,0.144337567297406,0.333333333333333,0.333333333333333,"spiked"
"Paxillin","protein",FALSE,0,0,0.333333333333333,0,"spiked"
"Rab.25","protein",FALSE,0,0,0.333333333333333,0,"spiked"
"Rad50","protein",FALSE,0,0,0.333333333333333,0,"spiked"
"Rad51","protein",FALSE,0,0,0.333333333333333,0,"spiked"
"C.Raf","protein",FALSE,0,0,0.333333333333333,0,"spiked"
"C.Raf_pS338","protein",FALSE,0,0,0.333333333333333,0,"spiked"
"Rb_pS807_S811","protein",FALSE,0,0,0.333333333333333,0,"spiked"
"RBM15.1","protein",FALSE,0,0,0.333333333333333,0,"spiked"
"S6","protein",TRUE,0.144337567297406,0.144337567297406,0.333333333333333,0.333333333333333,"spiked"
"S6_pS235_S236","protein",TRUE,0.144337567297406,0.144337567297406,0.333333333333333,0.333333333333333,"spiked"
"S6_pS240_S244","protein",FALSE,0,0,0.333333333333333,0,"spiked"
"p90RSK","protein",FALSE,0,0,0.333333333333333,0,"spiked"
"p90RSK_pT359_S363","protein",FALSE,0,0,0.333333333333333,0,"spiked"
"p70S6K","protein",FALSE,0,0,0.333333333333333,0,"spiked"
"p70S6K_pT389","protein",FALSE,0,0,0.333333333333333,0,"spiked"
"PAI.1","protein",FALSE,0,0,0.333333333333333,0,"spiked"
"SF2","protein",FALSE,0,0,0.333333333333333,0,"spiked"
"Shc_pY317","protein",FALSE,0,0,0.333333333333333,0,"spiked"
"Smad1","protein",FALSE,0,0,0.333333333333333,0,"spiked"
"Smad3","protein",FALSE,0,0,0.333333333333333,0,"spiked"
"Smad4","protein",FALSE,0,0,0.333333333333333,0,"spiked"
"p62.LCK.ligand","protein",FALSE,0,0,0.333333333333333,0,"spiked"
"Src","protein",FALSE,0,0,0.333333333333333,0,"spiked"
"Src_pY416","protein",FALSE,0,0,0.333333333333333,0,"spiked"
"Src_pY527","protein",FALSE,0,0,0.333333333333333,0,"spiked"
"STAT3_pY705","protein",FALSE,0,0,0.333333333333333,0,"spiked"
"STAT5.alpha","protein",FALSE,0,0,0.333333333333333,0,"spiked"
"LKB1","protein",FALSE,0,0,0.333333333333333,0,"spiked"
"Stathmin","protein",FALSE,0,0,0.333333333333333,0,"spiked"
"Syk","protein",FALSE,0,0,0.333333333333333,0,"spiked"
"Transglutaminase","protein",FALSE,0,0,0.333333333333333,0,"spiked"
"p53","protein",FALSE,0,0,0.333333333333333,0,"spiked"
"X53BP1","protein",FALSE,0,0,0.333333333333333,0,"spiked"
"TSC1.1","protein",FALSE,0,0,0.333333333333333,0,"spiked"
"Tuberin","protein",FALSE,0,0,0.333333333333333,0,"spiked"
"Tuberin_pT1462","protein",FALSE,0,0,0.333333333333333,0,"spiked"
"Acetyl.a.Tubulin.Lys40","protein",TRUE,0.144337567297406,0.144337567297406,0.333333333333333,0.333333333333333,"spiked"
"VHL.1","protein",FALSE,0,0,0.333333333333333,0,"spiked"
"TAZ","protein",FALSE,0,0,0.333333333333333,0,"spiked"
"XBP1.1","protein",FALSE,0,0,0.333333333333333,0,"spiked"
"XRCC1.1","protein",FALSE,0,0,0.333333333333333,0,"spiked"
"Ku80","protein",FALSE,0,0,0.333333333333333,0,"spiked"
"YAP","protein",TRUE,0.144337567297406,0.144337567297406,0.333333333333333,0.333333333333333,"spiked"
"YAP_pS127","protein",FALSE,0,0,0.333333333333333,0,"spiked"
"YB.1","protein",FALSE,0,0,0.333333333333333,0,"spiked"
"YB.1_pS102","protein",TRUE,0.144337567297406,0.144337567297406,0.333333333333333,0.333333333333333,"spiked"
"X14.3.3_beta","protein",TRUE,0.144337567297406,0.144337567297406,0.333333333333333,0.333333333333333,"spiked"
"X14.3.3_epsilon","protein",FALSE,0,0,0.333333333333333,0,"spiked"
"X14.3.3_zeta","protein",FALSE,0,0,0.333333333333333,0,"spiked"
